Producto,Categoria,UnidadProducto,PrecioVenta,Fuente
"1800 SILVER","BOTELLAS","Und",0,"/ingredients"
"ACEITE DE GIRASOL","Insumos cocina","Ml",0,"/ingredients"
"Aceite de oliva","Insumos cocina","Ml",0,"/ingredients"
"Aceite de olivo","Producción BAR","Und",0,"/ingredients"
"ACEITE DE TRUFA","Insumos cocina","Ml",0,"/ingredients"
"Aceite Vegetal","Insumos cocina","ml",0,"/ingredients"
"Aceitunas","Producción BAR","Gr",0,"/ingredients"
"ADICION CHILAQUILES","DESAYUNOS INCLUIDOS","",0,"/products"
"ADICION DE SALSAS","COMPLEMENTOS Y ADICIONALES","",3000,"/products"
"Agua","PRODUCCION COCINA","Ml",0,"/ingredients"
"Agua con Gas Cristal","BEBIDAS","Und",0,"/ingredients"
"Agua Cristal 300ml","BEBIDAS","Und",0,"/ingredients"
"AGUA CRISTAL 600 ML","BEBIDAS","Und",0,"/ingredients"
"Agua Cristal 600ml","BEBIDAS","Und",0,"/ingredients"
"AGUA CRISTAL CON GAS","Producción BAR","Und",0,"/ingredients"
"Agua Hatsu","BEBIDAS","Und",0,"/ingredients"
"AGUA HATSU 300 ML","BEBIDAS","",10000,"/products"
"AGUA MALANTIAL CON GAS","BEBIDAS","Und",0,"/ingredients"
"Agua Manantial 300 ml","BEBIDAS","",8000,"/products"
"Agua Manantial 300ml","BEBIDAS","",0,"/ingredients"
"Agua Manantial 500ml","BEBIDAS","Unidad",0,"/ingredients"
"Agua Tonica 1976 India","BEBIDAS","Unidad",0,"/ingredients"
"Agua Tonica 1976 Ocean","BEBIDAS","Und",0,"/ingredients"
"Agua Tonica 1976 Pink","BEBIDAS","Unidad",0,"/ingredients"
"Agua Tonica Bretaña 2.5L","BEBIDAS","Unidad",0,"/ingredients"
"Agua Tonica Canada Dry 300ml","BEBIDAS","Unidad",0,"/ingredients"
"Agua Tonica Ocean","BEBIDAS","Und",0,"/ingredients"
"aguacate","Insumos cocina","Gr",0,"/ingredients"
"aguacate hass","Insumos cocina","Gr",0,"/ingredients"
"Aguardiente Amarillo 750ml","BOTELLAS","Unidad",0,"/ingredients"
"Aguardiente Antioqueño Azul 750ml","BOTELLAS","Unidad",0,"/ingredients"
"Aguardiente Antioqueño Real 750ml","BOTELLAS","Unidad",0,"/ingredients"
"Aguardiente Antioqueño Rojo 750ml","BOTELLAS","Unidad",0,"/ingredients"
"Aguardiente Antioqueño Verde 750ml","BOTELLAS","Unidad",0,"/ingredients"
"ahumentador de ph","Otros","",0,"/ingredients"
"Ahuyama","PRODUCCION COCINA","Gr",0,"/ingredients"
"Ají chile","Producción BAR","Kg",0,"/ingredients"
"AJI DULCE","Insumos cocina","Gr",0,"/ingredients"
"AJI HABANERO","PRODUCCION COCINA","Gr",0,"/ingredients"
"Ajii jalapenos","Insumos cocina","Gr",0,"/ingredients"
"Ajo","Insumos cocina","Gr",0,"/ingredients"
"AJO EN POLVO","Insumos cocina","Gr",0,"/ingredients"
"AJONJOLY","Insumos cocina","Gr",0,"/ingredients"
"ala de pollo","Insumos cocina","Kg",0,"/ingredients"
"Alas de Pollo","PRODUCCION COCINA","Kg",0,"/ingredients"
"Albahaca","PRODUCCION COCINA","Gr",0,"/ingredients"
"ALBAHACA","Insumos cocina","Gr",0,"/ingredients"
"alguicida","Otros","",0,"/ingredients"
"ALMENDRAS","PRODUCCION COCINA","Gr",0,"/ingredients"
"almuerzo definido","menu evento hoy","",0,"/products"
"ALMUERZO PERSONAL","COMPLEMENTOS Y ADICIONALES","",15000,"/products"
"AMARAS SHOT","SPIRITS & COGNACS","",0,"/products"
"Amargo de angostura","Producción BAR","Ml",0,"/ingredients"
"AMBIENTADOR","Otros","Und",0,"/ingredients"
"ANCHOAS","Insumos cocina","Gr",0,"/ingredients"
"Anis estrella","Insumos cocina","Gr",0,"/ingredients"
"ANIVERSARIO 750 ML","RON","Und",0,"/ingredients"
"ANIVERSARIO BT","BOTELLAS","",460000,"/products"
"Aperol 750ml","LICORES","Unidad",0,"/ingredients"
"Apio","PRODUCCION COCINA","Gr",0,"/ingredients"
"AREQUIPE","Insumos cocina","",0,"/products"
"AREQUIPE","Insumos cocina","Gr",0,"/ingredients"
"ARMAND BRIGNAC ACE BT","BOTELLAS","",9800000,"/products"
"AROMATICA - TE INFUSION","BEBIDA CALIENTES - HOT SOFT DRINKS","",10000,"/products"
"ARRACHERA","Insumos cocina","Gr",0,"/ingredients"
"Arroz","PRODUCCION COCINA","Gr",0,"/ingredients"
"arroz jazmin","Insumos cocina","Gr",0,"/ingredients"
"arroz parbolizado","Insumos cocina","Gr",0,"/ingredients"
"ARVEJA","Insumos cocina","Gr",0,"/ingredients"
"ATUN","Insumos cocina","Und",0,"/ingredients"
"Atún Poke Bowl","MENU FULL YATE","",52000,"/products"
"ATÚN POKE BOWL","MENU AFTER","",56000,"/products"
"Avena Tonic","PRODUCCION COCINA","Gr",0,"/ingredients"
"Azucar","Producción BAR","Gr",0,"/ingredients"
"Azucar Aro","Insumos cocina","Gr",0,"/ingredients"
"AZUCAR MICRO","Insumos cocina","Gr",0,"/ingredients"
"AZUCAR MORENA","Insumos cocina","Gr",0,"/ingredients"
"Baileys 700ml","LICORES","Unidad",0,"/ingredients"
"Banana","Insumos cocina","Gr",0,"/ingredients"
"Bara de canela","Producción BAR","Und",0,"/ingredients"
"BARON DE ROTHBERG  BRUT","VIP EXCLUSIVE MENU","",1,"/products"
"BARRA CEREAL TOSH","Minibar","",6000,"/products"
"BARRA DE CHOCOLATE SNIKERS 53 GR","Otros","",0,"/ingredients"
"BASE DE COCTEL","COCKTAILS / MIX","",20000,"/products"
"Bastones de Queso | Cheese Sticks","MENU ATOLON KIDS PASA DIA","",1,"/products"
"BATATA","PRODUCCION COCINA","Gr",0,"/ingredients"
"bateria 2 A","Otros","Und",0,"/ingredients"
"bateria 3 A","Otros","Und",0,"/ingredients"
"BAYLEYS BT","BOTELLAS","",290000,"/products"
"BEACH DAY","Otros","",320000,"/products"
"BEBIDA CENA","BODA","",8000,"/products"
"BEBIDAS","DESAYUNOS INCLUIDOS","",0,"/products"
"bebidas hidratantes","Otros","",100000,"/products"
"BEEFEATER LONDON BT","BOTELLAS","",450000,"/products"
"BEEFEATER PINK BT","BOTELLAS","",550000,"/products"
"BELVEREDE VODKA BT","BOTELLAS","",420000,"/products"
"Berenjena","Insumos cocina","Gr",0,"/ingredients"
"Bermut Martini Bianco 750ml","LICORES","Unidad",0,"/ingredients"
"Bermut Martini Rosso 750ml","LICORES","Unidad",0,"/ingredients"
"Bicarbonato Aro","Insumos cocina","Gr",0,"/ingredients"
"blanqueador","Otros","Unidad",0,"/ingredients"
"BLOQUEARDOR  50P","Otros","Und",0,"/ingredients"
"Bofe","Insumos cocina","Gr",0,"/ingredients"
"bola","Insumos cocina","Kg",0,"/ingredients"
"bollito muchacho","Insumos cocina","Kg",0,"/ingredients"
"bolsa papelera pequeña  43X48 CM","Otros","Und",0,"/ingredients"
"bolsas","Insumos cocina","Unidad",0,"/ingredients"
"BON AIRE SPRYA X3","Otros","Und",0,"/ingredients"
"BONAIRE VARITAS FRUTOS ROJOS X 80 ML","Otros","",0,"/products"
"bonaire-varitas-frutos-rojos-x-80-ml","Otros","Und",0,"/ingredients"
"boquilla beigs","Otros","",0,"/ingredients"
"BOTELLA SANTA HELENA  VINO TINTO BT","BOTELLAS","",160000,"/products"
"Botellon de Agua","Insumos cocina","Und",0,"/ingredients"
"Brandy Domecq 750ml","LICORES","Unidad",0,"/ingredients"
"Brandy Gran Duque De Alba 750-ml","LICORES","Und",0,"/ingredients"
"Brocheta de pepino","Producción BAR","Und",0,"/ingredients"
"brownie","Insumos cocina","Und",0,"/ingredients"
"Brownie","MENU ATOLON KIDS PASA DIA","",1,"/products"
"BROWNIE","MENU AFTER","",32000,"/products"
"BROWNIE","BODA","",32000,"/products"
"BROWNIE","FULL YATE MENU","",32000,"/products"
"Buchanan 12 - 750ml","WHISKY / BOURBON","Unidad",0,"/ingredients"
"Buchanan 18 - 750ml","WHISKY / BOURBON","Unidad",0,"/ingredients"
"Buchanan Master  - 750ml","WHISKY / BOURBON","",0,"/ingredients"
"BUCHANAN'S","DESCORCHE","",275000,"/products"
"BULLDOG","VODKA / GIN","Unidad",0,"/ingredients"
"Bulleit Bourbon 750ml","WHISKY / BOURBON","Unidad",0,"/ingredients"
"Bulleit Rye 750ml","WHISKY / BOURBON","Unidad",0,"/ingredients"
"BURRATA","Insumos cocina","Unidad",0,"/ingredients"
"Burrata, Confitura de Corozo y Pan de Masa Madre","MENU FULL YATE","",60000,"/products"
"BURRATA, CONFITURA DE COROZO Y PAN MASA MADRE","MENU AFTER","",60000,"/products"
"BURRITO DE PESCADO + SODA","BODA","",35000,"/products"
"BURRITO DE POLLO + SODA","BODA","",35000,"/products"
"butifarra","Insumos cocina","Und",0,"/ingredients"
"Cabeza de pescado","Insumos cocina","Gr",0,"/ingredients"
"Cabeza de pescado","PRODUCCION COCINA","Gr",0,"/ingredients"
"cable encauchetado 3x12","Otros","",0,"/ingredients"
"Café","Producción BAR","Gr",0,"/ingredients"
"CAFE AMERICANO","BEBIDA CALIENTES - HOT SOFT DRINKS","",9000,"/products"
"CAFE EXPRESSO","HOT SOFT DRINKS","",8000,"/products"
"CAFE EXPRESSO DOBLE","HOT SOFT DRINKS","",11000,"/products"
"Cafe juan valdez capsula x 8","Producción BAR","Und",0,"/ingredients"
"CAFE LATTE","BEBIDA CALIENTES - HOT SOFT DRINKS","",11000,"/products"
"CAFE MOCACHINO","HOT SOFT DRINKS","",11000,"/products"
"CAFE MOCACHINO","BEBIDA CALIENTES - HOT SOFT DRINKS","",11000,"/products"
"Cafe Sello Rojo","BEBIDA CALIENTES - HOT SOFT DRINKS","Gr",0,"/ingredients"
"Café Sello Rojo","PRODUCCION COCINA","Gr",0,"/ingredients"
"Caja de pizza","Insumos cocina","Und",0,"/ingredients"
"CALABAZA","Insumos cocina","Gr",0,"/ingredients"
"Calamar","Insumos cocina","Gr",0,"/ingredients"
"CALCULADORA","Otros","",0,"/ingredients"
"CAMARON","Insumos cocina","Gr",0,"/ingredients"
"Campari 750ml","LICORES","Unidad",0,"/ingredients"
"Canela","Producción BAR","Und",0,"/ingredients"
"CANELA  EN ASTILLAS","Insumos cocina","Gr",0,"/ingredients"
"canela en polvo","Producción BAR","Und",0,"/ingredients"
"CAPUCHINO","HOT SOFT DRINKS","",11000,"/products"
"CAPUCHINO","BEBIDA CALIENTES - HOT SOFT DRINKS","",11000,"/products"
"CARAMBOLO","Insumos cocina","Gr",0,"/ingredients"
"CARAMBOLO","Insumos cocina","Gr",0,"/ingredients"
"CARIMAÑOLAS","Insumos cocina","Unidad",0,"/ingredients"
"CARIMAÑOLAS DE CERDO","PRODUCCION COCINA","",0,"/ingredients"
"CARIMAÑOLAS DE CERDO","ENTRADAS Y ENSALADAS","Unidad",0,"/ingredients"
"CARNE BISTECK","PLATOS PRINCIPALES","Kg",0,"/ingredients"
"CARNE MOLIDA","Insumos cocina","Kg",0,"/ingredients"
"CARPACCIO DE REMOLACHA","ENTRADAS Y ENSALADAS","",35000,"/products"
"Cebolla blanca","Insumos cocina","Gr",0,"/ingredients"
"Cebolla Morada","Insumos cocina","Gr",0,"/ingredients"
"cebollin","Insumos cocina","Gr",0,"/ingredients"
"CENA BODA","BODA","",165000,"/products"
"CENA PRE-BODA","BODA","",65000,"/products"
"CENA SAN VALENTIN","PLATOS PRINCIPALES","",0,"/products"
"CEPILLO DENTAL","Otros","Und",0,"/ingredients"
"CEPILLOS PARA LAVAR","Otros","Und",0,"/ingredients"
"CERA PARA DUELAS DE MADERA","Otros","Und",0,"/ingredients"
"CERBEZA BODA COSTEÑITCA","BODA","",12000,"/products"
"Cerdo Barriguero","PRODUCCION COCINA","Gr",0,"/ingredients"
"CEREAL","Insumos cocina","Und",0,"/ingredients"
"Cereza","Producción BAR","Unidad",0,"/ingredients"
"Cereza marrasquino","Producción BAR","Gr",0,"/ingredients"
"Cerveza Aguila Light","CERVEZAS","Unidad",0,"/ingredients"
"Cerveza Aguila Original","CERVEZAS","Unidad",0,"/ingredients"
"Cerveza Corona","CERVEZAS","Unidad",0,"/ingredients"
"Cerveza Coronita","CERVEZAS","Unidad",0,"/ingredients"
"Cerveza Costeñita","CERVEZAS","Unidad",0,"/ingredients"
"Cerveza Heineken","CERVEZAS","Unidad",0,"/ingredients"
"CERVEZA HEINEKEN","Minibar","",18000,"/products"
"Cerveza Stella Artois","CERVEZAS","Unidad",0,"/ingredients"
"CHIA","Insumos cocina","Gr",0,"/ingredients"
"CHICHARRONES por 200gr","PRODUCCION COCINA","Unidad",0,"/ingredients"
"chilaquiles","FULL YATE MENU","",30000,"/products"
"CHILAQUILES","MENU - DESAYUNOS","",30000,"/products"
"CHILAQUILES","MENU - DESAYUNOS","",0,"/products"
"CHILE CHIPOTLE","Insumos cocina","Gr",0,"/ingredients"
"Chile Guajillo","Insumos cocina","Gr",0,"/ingredients"
"Chile Jalapeno","Insumos cocina","Gr",0,"/ingredients"
"Chivas Regal 12 - 700ml","WHISKY / BOURBON","Unidad",0,"/ingredients"
"Chivas Regal 18 - 700ml","WHISKY / BOURBON","Unidad",0,"/ingredients"
"CHOCOLATE","BEBIDA CALIENTES - HOT SOFT DRINKS","",11000,"/products"
"chocolate corona","Insumos cocina","Gr",0,"/ingredients"
"CHOCOLATE M&M  MILK CHOCOLATE","Otros","",0,"/ingredients"
"chorizo antiqueño","Insumos cocina","Und",0,"/ingredients"
"CHULETA","PRODUCCION COCINA","Kg",0,"/ingredients"
"Cilantro","Insumos cocina","Gr",0,"/ingredients"
"cinta aislante 23","Otros","",0,"/ingredients"
"cinta aislante 33","Otros","",0,"/ingredients"
"CINTA TRANSPARENTE GRANDE","Otros","",0,"/ingredients"
"cintas de colores","Otros","",0,"/ingredients"
"Cinzano Brut","VINOS / ESPUMOSOS","",0,"/ingredients"
"cinzano cortesía","VINOS / ESPUMOSOS","",1,"/products"
"Cinzano Rosso","LICORES","",0,"/ingredients"
"CLAMATO","BEBIDAS","",15000,"/products"
"CLAMATO 64 Oz","Producción BAR","Oz",0,"/ingredients"
"Clara de huevo","Producción BAR","Und",0,"/ingredients"
"CLASE AZUL BT","BOTELLAS","",4800000,"/products"
"Clavo de olor","Producción BAR","Gr",0,"/ingredients"
"CLAVOS DE OLOR","Insumos cocina","Gr",0,"/ingredients"
"CLORO 20 LT","Otros","Und",0,"/ingredients"
"CLORO EN GEL","Otros","Und",0,"/ingredients"
"Club Colombia","CERVEZAS","Unidad",0,"/ingredients"
"COBERTURA DE CHOCOLATE BLANCO","Insumos cocina","Gr",0,"/ingredients"
"Coca Cola Original 3L","BEBIDAS","Unidad",0,"/ingredients"
"Coca Cola Original Botella 400ml","BEBIDAS","Unidad",0,"/ingredients"
"Coca Cola Regular 330ml","BEBIDAS","Unidad",0,"/ingredients"
"Coca Cola Zero 2.5L","BEBIDAS","Unidad",0,"/ingredients"
"Coca Cola Zero 330ml","BEBIDAS","",0,"/ingredients"
"Coca Cola Zero Botella 400ml","BEBIDAS","Unidad",0,"/ingredients"
"COCA-COLA LATA ORIGINAL 330ML","BEBIDAS","",15000,"/products"
"COCADAS TRADICIONALES","PRODUCCION COCINA","Und",0,"/ingredients"
"coco","Insumos cocina","Gr",0,"/ingredients"
"COCO","Insumos cocina","",0,"/products"
"Coco deshidratado","Producción BAR","Gr",0,"/ingredients"
"Coco Rallao","Producción BAR","Gr",0,"/ingredients"
"Cocoa","Insumos cocina","Gr",0,"/ingredients"
"Cocoa en polvo","Producción BAR","Und",0,"/ingredients"
"Cocolada","COCKTAILS / MIX","",55000,"/products"
"Cóctel de Camarón","MENU FULL YATE","",60000,"/products"
"COCTEL ESPECIAL","COCKTAILS / MIX","",50000,"/products"
"Codillo","PRODUCCION COCINA","Gr",0,"/ingredients"
"Cognac grand marnier 750-ml","BOTELLAS","Und",0,"/ingredients"
"Cognac Hennessy 700-ml","BOTELLAS","Und",0,"/ingredients"
"COGNAC REMY MARTIN VSOP BT","BOTELLAS","",789000,"/products"
"cohete","Insumos cocina","Gr",0,"/ingredients"
"combustible acpm","Otros","",0,"/ingredients"
"COMENSALES","WELCOME DRINK","",1,"/products"
"COMENSALES","pasadia","",0,"/products"
"COMIDA DE STAFF","COMPLEMENTOS Y ADICIONALES","",25000,"/products"
"Comino Badia","Insumos cocina","Gr",0,"/ingredients"
"COMPLEMENTO Gnocchis de papa a la gorgonzola","MENU FULL YATE","",20000,"/products"
"Confitado de corozo","PRODUCCION COCINA","Gr",0,"/ingredients"
"CONTENEDOR DELI LITRO","PRODUCCION COCINA","Und",0,"/ingredients"
"Coñac Hennessy VS Shot","Shots","",70000,"/products"
"copa  Santa Helena Sauvignon Blanc","VINOS / ESPUMOSOS","",25000,"/products"
"COPA DE SANGRIA","COCKTAILS / MIX","",45000,"/products"
"COPA DE SANGRIA","VINOS / ESPUMOSOS","",45000,"/products"
"COPA DE VINO BLANCO ROSALEDA","VINOS / ESPUMOSOS","",30000,"/products"
"COPA SANTA HELENA VINO TINTO","VINOS / ESPUMOSOS","",15000,"/products"
"Corozo","Producción BAR","Kg",0,"/ingredients"
"Corozo x ml","Jugos","Ml",0,"/ingredients"
"CORTESIA PARA POLICIAS","CORTESIAS","",0,"/products"
"COUSIÑO MACUL","VINOS / ESPUMOSOS","",234000,"/products"
"CREMA DE AVELLANA","Insumos cocina","Gr",0,"/ingredients"
"Crema de coco","Producción BAR","Ml",0,"/ingredients"
"Crema de coco","PRODUCCION COCINA","Und",0,"/ingredients"
"Crema de leche","Insumos cocina","ml",0,"/ingredients"
"CROQUETAS DE YUCA","COMPLEMENTOS Y ADICIONALES","",0,"/products"
"CUBIERTOS DESECHABLES","Insumos cocina","Und",0,"/ingredients"
"CURBINA, CON ARROZ CREMOSO","PLATOS PRINCIPALES","",98000,"/products"
"curcuma","Insumos cocina","Gr",0,"/ingredients"
"curry en polvo badia","Insumos cocina","Gr",0,"/ingredients"
"Dash orange bitter","Producción BAR","Ml",0,"/ingredients"
"DECORACION","Otros","",350000,"/products"
"DEDITOS ","Insumos cocina","Unidad",0,"/ingredients"
"Dedos de Pollo | Chicken Fingers","MENU ATOLON KIDS PASA DIA","",1,"/products"
"Descorche","Otros","",1000000,"/products"
"Descorche","Otros","",500000,"/products"
"DESCORCHE","DESCORCHE","",360000,"/products"
"DESCORCHE","Otros","",210000,"/products"
"DESCORCHE  VEUVE CLICQUOT","DESCORCHE","",140000,"/products"
"DESCORCHE BOTELLA","Otros","",500000,"/products"
"Descorche Castillete","DESCORCHE","",325000,"/products"
"DESCORCHE MOET CHANDON","DESCORCHE","",130000,"/products"
"desechables","Insumos cocina","Und",0,"/ingredients"
"DESINFECTANTE","Otros","Und",0,"/ingredients"
"detergente","Otros","Unidad",0,"/ingredients"
"DICTADOR 12 AÑOS 700 ML","RON","Und",0,"/ingredients"
"DICTADOR 20 AÑOS 700 ML","RON","Und",0,"/ingredients"
"DIPLOMATICO 700 ML","RON","Und",0,"/ingredients"
"Don Julio 1942 - 750ml","TEQUILA / MEZCAL","Unidad",0,"/ingredients"
"Don Julio 70 - 700ml","TEQUILA / MEZCAL","Unidad",0,"/ingredients"
"Don Julio Anejo 700ml","TEQUILA / MEZCAL","Unidad",0,"/ingredients"
"Don Julio Blanco 700ml","TEQUILA / MEZCAL","Unidad",0,"/ingredients"
"Don Julio Reposado 700ml","TEQUILA / MEZCAL","Unidad",0,"/ingredients"
"Don Luis CS-Merlot BT","BOTELLAS","",179400,"/products"
"DON PERIGNON BT","BOTELLAS","",4400000,"/products"
"DON SIMON VINO BLANCO","VINOS / ESPUMOSOS","Und",0,"/ingredients"
"Dorado Highball","COCKTAILS / MIX","",55000,"/products"
"DUQUE DE ALBA BT","BOTELLAS","",810000,"/products"
"Electrolit 450ml","BEBIDAS","Unidad",0,"/ingredients"
"Electrolit Fresa","BEBIDAS","Und",0,"/ingredients"
"ELECTROLIT MARACUYA 625ML","BEBIDAS","Und",0,"/ingredients"
"Electrolit Uva","BEBIDAS","Und",0,"/ingredients"
"EMPANADAS  DE CARNE ","Insumos cocina","Unidad",0,"/ingredients"
"ENJUAGE BUCAL","Otros","Und",0,"/ingredients"
"ESCOBA DE PALITO","Otros","Und",0,"/ingredients"
"escoba hotelera","Otros","Und",0,"/ingredients"
"Esencia Vainilla Levapan","PRODUCCION COCINA","ml",0,"/ingredients"
"ESPACIO DE CEREMONIA","Otros","",4600000,"/products"
"Espagueti al Pomodoro | Spaghetti Pomodoro","MENU ATOLON KIDS PASA DIA","",1,"/products"
"ESPARRAGO","Insumos cocina","Gr",0,"/ingredients"
"Espinacas","Insumos cocina","Gr",0,"/ingredients"
"Espinacas a la crema y parmesano","MENU FULL YATE","",15500,"/products"
"Espumoso Baron Rotberg 750ml","VINOS / ESPUMOSOS","Unidad",0,"/ingredients"
"Espumoso Chandon Brut","VINOS / ESPUMOSOS","Unidad",0,"/ingredients"
"Espumoso Chandon Brut 187ml","VINOS / ESPUMOSOS","Unidad",0,"/ingredients"
"Espumoso Chandon Rose 187ml","VINOS / ESPUMOSOS","Und",0,"/ingredients"
"Espumoso Chandon Rose 750ml","VINOS / ESPUMOSOS","Unidad",0,"/ingredients"
"Espumoso Moelia Brut","VINOS / ESPUMOSOS","Unidad",0,"/ingredients"
"Espumoso Moelia Rose","VINOS / ESPUMOSOS","Unidad",0,"/ingredients"
"Espumoso VIP Exclusive","DESCORCHE","",1,"/products"
"ESTACION DE POSTRE","BODA","",20000,"/products"
"EXCLUSIVIDAD","Otros","",6000000,"/products"
"FANTASIA DE COCO","POSTRES","",32000,"/products"
"FEVER TREE  TONICA 200 ML","BEBIDAS","Und",0,"/ingredients"
"fideos","Insumos cocina","Gr",0,"/ingredients"
"FIDEOS DE ARROZ","Insumos cocina","",0,"/ingredients"
"Filete de Tilapia","Insumos cocina","Gr",0,"/ingredients"
"Flor de Cana 4 Anos","RON","Und",0,"/ingredients"
"flores comestibles","Insumos cocina","Und",0,"/ingredients"
"FRANGELICO 700 ML","LICORES","Und",0,"/ingredients"
"Fresa","PRODUCCION COCINA","Gr",0,"/ingredients"
"Fresa Congelada","Insumos cocina","Gr",0,"/ingredients"
"FRIJOL ROJO","Insumos cocina","Gr",0,"/ingredients"
"frijoles negro","Insumos cocina","Gr",0,"/ingredients"
"FROTEX CREMA MULTIUSOS 550g","Otros","Und",0,"/ingredients"
"Fruta corozo","Insumos cocina","Gr",0,"/ingredients"
"FRUTOS ROJOS CONGELADOS","Insumos cocina","Kg",0,"/ingredients"
"Fusion de jalapeño","Producción BAR","Ml",0,"/ingredients"
"GALLETA CLUB SOCIAL INTEGRAL 216 GR","Otros","",0,"/ingredients"
"GALLETAS CLUB SOCIAL INTEGRAL 216 GR","Otros","",0,"/ingredients"
"GALLETAS DUCALES (TACO)","Insumos cocina","Und",0,"/ingredients"
"GALLETAS OREO ORIGINAL 54 GR","Otros","",0,"/ingredients"
"GALLETAS RITZ SALADAS QUESO 180 GR EN 6 UND","Otros","",0,"/ingredients"
"GALLETAS TOSH MIEL","Minibar","",3500,"/products"
"GARBANZOS","Insumos cocina","Gr",0,"/ingredients"
"gasolina","Otros","",0,"/ingredients"
"gasolina","Otros","",0,"/ingredients"
"Gatorade Tropical 500ml","BEBIDAS","Und",0,"/ingredients"
"GELATINA SIN SABOR","POSTRES","Gr",0,"/ingredients"
"gelcomb","Otros","Unidad",0,"/ingredients"
"GENJIBRE","Insumos cocina","Gr",0,"/ingredients"
"GINEBRA","DESCORCHE","",222800,"/products"
"Ginebra Beaffetar Pink 700ml","VODKA / GIN","Unidad",0,"/ingredients"
"Ginebra Beaffeter 700ml","VODKA / GIN","Unidad",0,"/ingredients"
"Ginebra Bombay Sapphire 700ml","VODKA / GIN","Unidad",0,"/ingredients"
"Ginebra Gordons 700ml","VODKA / GIN","Unidad",0,"/ingredients"
"Ginebra Hendricks 750ml","VODKA / GIN","Unidad",0,"/ingredients"
"Ginebra Monkey 47 - 500ml","VODKA / GIN","Unidad",0,"/ingredients"
"Ginebra Tanqueray Dry 700ml","VODKA / GIN","Unidad",0,"/ingredients"
"Ginebra Tanqueray Ten","VODKA / GIN","Unidad",0,"/ingredients"
"Ginger Beer","BEBIDAS","Und",0,"/ingredients"
"Ginger Canada Dry 300ml","BEBIDAS","Und",0,"/ingredients"
"Gnocchis de papa a la gorgonzola","MENU FULL YATE","",20000,"/products"
"GRAPADORAS ","Otros","",0,"/ingredients"
"GRAPAS","Otros","",0,"/ingredients"
"Grey Goose 700ml OZ","Shots","Unidad",0,"/ingredients"
"GUACAMOLE","Insumos cocina","Gr",0,"/ingredients"
"GUATILA","Insumos cocina","Gr",0,"/ingredients"
"habichuelas","Insumos cocina","Gr",0,"/ingredients"
"HABITACIONES","Otros","",900000,"/products"
"Hamburguesa Angus","Insumos cocina","Und",0,"/ingredients"
"Hamburguesa Clásica | Classic Hamburger KIDS","MENU ATOLON KIDS PASA DIA","",58000,"/products"
"HAMBURGUESA CON QUESO Y PAPAS + SODA","Otros","",38500,"/products"
"Hamburguesa de Pollo | Chicken Hamburger KIDS","MENU ATOLON KIDS PASA DIA","",1,"/products"
"harina de choclo","Insumos cocina","Gr",0,"/ingredients"
"Harina de maiz","Insumos cocina","Gr",0,"/ingredients"
"harina de trigo","Insumos cocina","Gr",0,"/ingredients"
"HARINA PAN","Insumos cocina","Und",0,"/ingredients"
"Havana 3 años  750 ML","RON","Und",0,"/ingredients"
"Herbabuena gr","Producción BAR","Gr",0,"/ingredients"
"Hielo","Producción BAR","Gr",0,"/ingredients"
"Hierba buena","Producción BAR","Gr",0,"/ingredients"
"HIGADO","Insumos cocina","Kg",0,"/ingredients"
"Hojas de hierbabuena","Producción BAR","Und",0,"/ingredients"
"HOOKAH E.","Otros","",0,"/products"
"HOOKAH N.","Otros","",0,"/products"
"HOTCAKES","DESAYUNOS INCLUIDOS","",0,"/products"
"Hueso","PRODUCCION COCINA","Gr",0,"/ingredients"
"HUESO DE RES","Insumos cocina","Kg",0,"/ingredients"
"Huevos","Insumos cocina","Und",0,"/ingredients"
"HUEVOS AL GUSTO","MENU - DESAYUNOS","",15900,"/products"
"impuesto de muelle","Consumo pasadía","",3000,"/products"
"impuesto de muelle","Otros","",16000,"/products"
"Infusion de chile jalapeño","Producción BAR","Ml",0,"/ingredients"
"Insta crean x100","Producción BAR","Und",0,"/ingredients"
"IVA ESPACIO CEREMONIA","Otros","",874000,"/products"
"IVA HABITACIONES","Otros","",1539000,"/products"
"JABON DE MANO","Otros","Und",0,"/ingredients"
"Jack Daniels #7 - 700ml","WHISKY / BOURBON","Unidad",0,"/ingredients"
"JACK DANIELS N° 7 SHOTS","WHISKY / BOURBON","",42000,"/products"
"Jagermeister 700ml","BOTELLAS","Und",0,"/ingredients"
"Jameson 700ml","WHISKY / BOURBON","Unidad",0,"/ingredients"
"jamon colanta","Insumos cocina","Gr",0,"/ingredients"
"JAMON DE PAVO","Insumos cocina","Gr",0,"/ingredients"
"jamon serrano","Insumos cocina","Gr",0,"/ingredients"
"Jarabe de canela","Producción BAR","Ml",0,"/ingredients"
"Jarabe de lychee","Producción BAR","Oz",0,"/ingredients"
"Jarabe de pepino","Producción BAR","Oz",0,"/ingredients"
"Jarabe de romero","Producción BAR","Oz",0,"/ingredients"
"Jarabe natural","Producción BAR","Ml",0,"/ingredients"
"JARRA DE SANDIAA","Jugos","",40000,"/products"
"Jengibre","Insumos cocina","Gr",0,"/ingredients"
"Jimador Silver","TEQUILA / MEZCAL","",0,"/ingredients"
"Johnnie Walker Black Label 700ml","WHISKY / BOURBON","Unidad",0,"/ingredients"
"Johnnie Walker Blue Label 700ml","WHISKY / BOURBON","Unidad",0,"/ingredients"
"Johnnie Walker Red Label 700ml","WHISKY / BOURBON","Unidad",0,"/ingredients"
"Jose Cuervo Blanco 750ml","TEQUILA / MEZCAL","Unidad",0,"/ingredients"
"Jose Cuervo Reposado 750ml","TEQUILA / MEZCAL","Unidad",0,"/ingredients"
"jugo de corozo","Jugos","",9000,"/products"
"jugo de guanabana","Jugos","",9000,"/products"
"Jugo de limon","Producción BAR","Ml",0,"/ingredients"
"Jugo de maggie","Producción BAR","Und",0,"/ingredients"
"jugo de maracuya","Jugos","",9000,"/products"
"Jugo de maracuya","Producción BAR","Ml",0,"/ingredients"
"Jugo de naranja","Producción BAR","Ml",0,"/ingredients"
"JUGO DE NARANJA","PRODUCCION COCINA","Ml",0,"/ingredients"
"Jugo de pepino","Producción BAR","Ml",0,"/ingredients"
"jugo de piña","Jugos","",9000,"/products"
"Jugo de piña","Producción BAR","Ml",0,"/ingredients"
"jugo de sandia","Jugos","",9000,"/products"
"Jugo de sandia","Producción BAR","Ml",0,"/ingredients"
"Jugo de Tomate","Producción BAR","Ml",0,"/ingredients"
"Jugo desayuno Buffet","DESAYUNOS BUFFET","",0,"/products"
"jugos","Consumo pasadía","",0,"/products"
"Kola Roman Botella 400ml","BEBIDAS","Unidad",0,"/ingredients"
"LANGOSTA","Insumos cocina","Gr",0,"/ingredients"
"LANGOSTINOS","Insumos cocina","Gr",0,"/ingredients"
"laurel","Insumos cocina","Gr",0,"/ingredients"
"LAURENT PERRIER BRUT","VINOS / ESPUMOSOS","Und",0,"/ingredients"
"LAVANDERIA","Otros","",100000,"/products"
"Leche condensada","Producción BAR","Gr",0,"/ingredients"
"Leche de almendras","Producción BAR","Und",0,"/ingredients"
"LECHE DE ALMENDRAS","Insumos cocina","Ml",0,"/ingredients"
"LECHE DE COCO","Insumos cocina","Ml",0,"/ingredients"
"Leche de soya","Producción BAR","Und",0,"/ingredients"
"LECHE DE SOYA","Insumos cocina","Ml",0,"/ingredients"
"Leche deslactosada","Producción BAR","Und",0,"/ingredients"
"leche entera","Insumos cocina","Ml",0,"/ingredients"
"Leche entera","Producción BAR","Ml",0,"/ingredients"
"LECHUGA BATABIA","Insumos cocina","Gr",0,"/ingredients"
"LECHUGA CRESPA MORADA","Insumos cocina","Gr",0,"/ingredients"
"Lechuga Crespa Verde","Insumos cocina","Gr",0,"/ingredients"
"LECHUGA ROMANA","Insumos cocina","Gr",0,"/ingredients"
"LENTEJAS","Insumos cocina","Gr",0,"/ingredients"
"levadura","Insumos cocina","Gr",0,"/ingredients"
"Licor 43 - 750ml","LICORES","Unidad",0,"/ingredients"
"Licor Amareto Disaronno 750ml","LICORES","Unidad",0,"/ingredients"
"Licor Cointreau 700ml","LICORES","Unidad",0,"/ingredients"
"LICOR DE CAFÉ 750 ML","LICORES","Und",0,"/ingredients"
"Licor Triple Sec 750ml","LICORES","Unidad",0,"/ingredients"
"Licor Triple Sec Blue 750ml","LICORES","Unidad",0,"/ingredients"
"Limon","Insumos cocina","Gr",0,"/ingredients"
"Limon B","Producción BAR","Gr",0,"/ingredients"
"Limon deshidratado","Producción BAR","Und",0,"/ingredients"
"limonada cerezada","Jugos","",16000,"/products"
"limonada de coco","Jugos","",18000,"/products"
"limonada natural","Jugos","",13000,"/products"
"limpiador aro","Otros","Unidad",0,"/ingredients"
"limpión micro fibra azul","Otros","Und",0,"/ingredients"
"LIQUIDO ANTI ACAROS","Otros","Und",0,"/ingredients"
"LIQUIDO LIMPIA CRISTALES Y ESPEJOS","Otros","Und",0,"/ingredients"
"LOMO FINO","Insumos cocina","Gr",0,"/ingredients"
"Lonchita amarillo","PRODUCCION COCINA","Und",0,"/ingredients"
"Lychee el Fortin - 567g ","Otros","",0,"/ingredients"
"Lychee Fruta Lata","Producción BAR","Gr",0,"/ingredients"
"Macallan 12  700 ml","BOTELLAS","Und",0,"/ingredients"
"Maestro Dobel 700ml","TEQUILA / MEZCAL","Unidad",0,"/ingredients"
"MAGGI","Insumos cocina","Und",0,"/ingredients"
"MAIZ PIRA","PRODUCCION COCINA","Gr",0,"/ingredients"
"maíz tierno","Insumos cocina","Gr",0,"/ingredients"
"Maizena","PRODUCCION COCINA","Gr",0,"/ingredients"
"mango tommy","Insumos cocina","Gr",0,"/ingredients"
"MANI MIX","Minibar","",6000,"/products"
"MANI SALADO FRITOLAY 50 GR","Otros","",0,"/ingredients"
"Mantequilla","Insumos cocina","Gr",0,"/ingredients"
"MANTEQUILLA PORCION","Insumos cocina","Und",0,"/ingredients"
"MANZANA POSTOBON","BEBIDAS","",11000,"/products"
"MANZANA VERDE","Insumos cocina","Gr",0,"/ingredients"
"manzanilla miel y jengibre","Producción BAR","Und",0,"/ingredients"
"Mar de Frades","VINOS / ESPUMOSOS","Und",0,"/ingredients"
"Maracuya B","Producción BAR","Gr",0,"/ingredients"
"Martini Bitters 1000ml","LICORES","Unidad",0,"/ingredients"
"Martini Dry","LICORES","",0,"/ingredients"
"MASA DE CERDO","Insumos cocina","Kg",0,"/ingredients"
"masa de chocosuela","Insumos cocina","Gr",0,"/ingredients"
"MASA DE MAIZ AMARRILLO","Insumos cocina","Gr",0,"/ingredients"
"MASA DE MAIZ BLANCO","Insumos cocina","Gr",0,"/ingredients"
"MASA DE YUCA","Insumos cocina","Kg",0,"/ingredients"
"MASAJE 1 HRS","Otros","",250000,"/products"
"MASAJE 30 MNTS","Otros","",150000,"/products"
"Mayonesa Fruco","Producción BAR","Und",0,"/ingredients"
"Mayonesa Fruco","Insumos cocina","Gr",0,"/ingredients"
"MEGA TRAVEL","CORTESIAS","",1,"/products"
"mejillones","Insumos cocina","Gr",0,"/ingredients"
"Melon","Insumos cocina","Gr",0,"/ingredients"
"MEMOS DE COLORES","Otros","",0,"/ingredients"
"Menta","Producción BAR","Gr",0,"/ingredients"
"MENU 2do TIEMPO ADULTO","MENU FIN DE AÑO","",114500,"/products"
"MENU INFANTIL","BODA","",40000,"/products"
"MENU TESTING","MENU TESTING","",0,"/products"
"Mezcal 400 Conejos 750ml","TEQUILA / MEZCAL","Unidad",0,"/ingredients"
"MEZCAL AMARAS BT","BOTELLAS","",750000,"/products"
"Mezcal Ojo de Tigre 750ml","TEQUILA / MEZCAL","Unidad",0,"/ingredients"
"Mezcal Union 700ml","TEQUILA / MEZCAL","Unidad",0,"/ingredients"
"Miel","Producción BAR","Und",0,"/ingredients"
"MIEL","Insumos cocina","Ml",0,"/ingredients"
"MIEL DE MAPLE","Insumos cocina","Ml",0,"/ingredients"
"mini  croisant","Insumos cocina","",0,"/ingredients"
"MINI CROISANT","Insumos cocina","",0,"/ingredients"
"Mini Pizza","MENU ATOLON KIDS PASA DIA","",1,"/products"
"MIX DE ARANDANOS","Otros","",0,"/ingredients"
"mix de brotes","Insumos cocina","Gr",0,"/ingredients"
"mix de lechugas","Insumos cocina","Gr",0,"/ingredients"
"MIX MADURADOS VILASECA SAL PEP CHO SER125 GR","Otros","",0,"/ingredients"
"Moet Chandon Brut 750ml","VINOS / ESPUMOSOS","Unidad",0,"/ingredients"
"Moet Chandon Ice 750ml","VINOS / ESPUMOSOS","Unidad",0,"/ingredients"
"MOET ROSE IMPERIAL BT","BOTELLAS","",1600000,"/products"
"Mojarra roja","Insumos cocina","Und",0,"/ingredients"
"MONDONGO","Insumos cocina","Gr",0,"/ingredients"
"MONDONGO","Insumos cocina","Kg",0,"/ingredients"
"MONETO BT","BOTELLAS","",290000,"/products"
"Monkey Shoulder 700ml","WHISKY / BOURBON","Unidad",0,"/ingredients"
"MONTAJE CENA ROMANTICA","Otros","",162800,"/products"
"Mora Congeada","Insumos cocina","Gr",0,"/ingredients"
"morrillo","Insumos cocina","Kg",0,"/ingredients"
"Mostaza","PRODUCCION COCINA","Gr",0,"/ingredients"
"MUGA RIOJA VINO ROSSE","BOTELLAS","Und",0,"/ingredients"
"MURILLO","Insumos cocina","Gr",0,"/ingredients"
"muslo de pollo","Insumos cocina","Kg",0,"/ingredients"
"NARANJA","Insumos cocina","Gr",0,"/ingredients"
"Naranja deshidratada","Producción BAR","Und",0,"/ingredients"
"Naranjas Frutas","Producción BAR","Gr",0,"/ingredients"
"NUEZ DEL BRASIL","Insumos cocina","Gr",0,"/ingredients"
"NUEZ MOSCADA","Insumos cocina","Und",0,"/ingredients"
"Ñame","PRODUCCION COCINA","Gr",0,"/ingredients"
"Old Parr 12 - 750ml","WHISKY / BOURBON","Unidad",0,"/ingredients"
"OLD PARR 18 750ML","WHISKY / BOURBON","Und",0,"/ingredients"
"OLMECA PLATA 700ML","BOTELLAS","Unidad",0,"/ingredients"
"OPEN BAR","Otros","",162000,"/products"
"otros servicio","Otros","",168000,"/products"
"PALENQUERAS","BODA","",100000,"/products"
"PALITOS BURGUER","PRODUCCION COCINA","Und",0,"/ingredients"
"PAN ARTESANO BIMBO","Insumos cocina","Unidad",0,"/ingredients"
"PAN BAGUETTE","Insumos cocina","Und",0,"/ingredients"
"Pan hamburguesa","Insumos cocina","Und",0,"/ingredients"
"PAN MASA MADRE","Insumos cocina","Unidad",0,"/ingredients"
"PAN MOGOLLA","Insumos cocina","Und",0,"/ingredients"
"Pan tajado","Insumos cocina","Unidad",0,"/ingredients"
"PANCAKES DE NUTELLA","FULL YATE MENU","",40000,"/products"
"PANCAKES NUTELLA","MENU FULL YATE","",40000,"/products"
"PANELA","Producción BAR","Und",0,"/ingredients"
"Panela D1","Insumos cocina","Und",0,"/ingredients"
"panko","Insumos cocina","Gr",0,"/ingredients"
"Papa","Insumos cocina","Gr",0,"/ingredients"
"PAPA BBQ MARGARITA","Minibar","",6500,"/products"
"PAPA BBQ MARGARITA","Minibar","",6500,"/products"
"PAPA CRIOLLA","Insumos cocina","Gr",0,"/ingredients"
"PAPA NATURAL MARGARITA","Minibar","",6500,"/products"
"PAPAS A LA FRANCESA TRUFADAS","COMPLEMENTOS Y ADICIONALES","",18000,"/products"
"PAPAS EN CASCOS","Insumos cocina","Gr",0,"/ingredients"
"papas francesas","Insumos cocina","Gr",0,"/ingredients"
"PAPAS PRINGLES ORIGINAL 67 GR","Otros","",0,"/ingredients"
"PAPAYA","Insumos cocina","Gr",0,"/ingredients"
"papel higienico  premium","Otros","Und",0,"/ingredients"
"PAPELERA 3 PISOS ","Otros","",0,"/ingredients"
"Paprika Badia","Insumos cocina","Gr",0,"/ingredients"
"PAQUETE DE TOALLITAS HUMEDAS","Otros","Und",0,"/ingredients"
"PARGO ROJO","Insumos cocina","Und",0,"/ingredients"
"París de Nuit 750ml","VINOS / ESPUMOSOS","",0,"/ingredients"
"PASA DIA VIP PASS","Consumo pasadía","",320000,"/products"
"PASABOCAS MEDIA NOCHE","BODA","",25000,"/products"
"PASADIA","Otros","",170000,"/products"
"PASADIA EVENTO","Consumo pasadía","",270000,"/products"
"pasadia niño","Otros","",240000,"/products"
"Pasadía NIÑO","Consumo pasadía","",240000,"/products"
"pasadia sin bote","Consumo pasadía","",120000,"/products"
"PASADIA VIP EXCLUSIVE","pasadia","",540000,"/products"
"pasadia vip pss","pasadia","",320000,"/products"
"PASTA DE DIENTES COLGATE","Otros","Und",0,"/ingredients"
"pasta de tomate","Insumos cocina","Gr",0,"/ingredients"
"Pasta Penne","Insumos cocina","Gr",0,"/ingredients"
"Patilla","Insumos cocina","Gr",0,"/ingredients"
"Patilla","Producción BAR","Gr",0,"/ingredients"
"Patillazo","COCKTAILS / MIX","",55000,"/products"
"PATRON","TEQUILA / MEZCAL","Unidad",0,"/ingredients"
"PATRON AÑEJO BT","TEQUILA / MEZCAL","Unidad",0,"/ingredients"
"Patron Cristalino 700ml","TEQUILA / MEZCAL","Unidad",0,"/ingredients"
"PATRON REPOSADO BT","TEQUILA / MEZCAL","Unidad",0,"/ingredients"
"pechuga de pollo","Insumos cocina","Gr",0,"/ingredients"
"Pechuga de Pollo a la Parrilla  | Grilled Chicken Breast","MENU ATOLON KIDS PASA DIA","",1,"/products"
"PECHUGA DE POLLO A LA PARRILLA CON ARROZ + SODA","BODA","",38500,"/products"
"PEDIDA MANO","Consumo pasadía","",980000,"/products"
"PEDIDA MANO","Consumo pasadía","",0,"/products"
"Pegucha","PRODUCCION COCINA","Gr",0,"/ingredients"
"peperoni","Insumos cocina","Gr",0,"/ingredients"
"Pepino","Producción BAR","Gr",0,"/ingredients"
"Pepino Cohombro","Insumos cocina","Gr",0,"/ingredients"
"pepino europeo","Insumos cocina","Gr",0,"/ingredients"
"PEPSI COLA REGULAR","BEBIDAS","",11000,"/products"
"PEPSI COLA ZERO","BEBIDAS","",11000,"/products"
"perejil","Insumos cocina","Gr",0,"/ingredients"
"PERSONAL ADICIONAL","Otros","",150000,"/products"
"PERSONAL DE SERVICIO","Otros","",170000,"/products"
"Pescado en Posta","MENU FULL YATE","",60000,"/products"
"PESCADO EN POSTA + BEBIDA","MENÚ STAFF","",38500,"/products"
"PESCADO EN POSTA VIP EXCLUSIVE","VIP EXCLUSIVE MENU","",0,"/products"
"PESCADO EN POSTA VIP PASS PASADIA","VIP PASS MENU","",0,"/products"
"PESCADO FRITO VIP EXCLUSIVE","VIP EXCLUSIVE MENU","",0,"/products"
"PESCADO FRITO VIP PASS PASADIA","VIP PASS MENU","",0,"/products"
"PESCADO PERSONAL","PRODUCCION COCINA","Kg",0,"/ingredients"
"PICCINI/JP BT","BOTELLAS","",270000,"/products"
"Pie de Limón","MENU FULL YATE","",32000,"/products"
"PIE DE LIMÓN","MENU AFTER","",32000,"/products"
"Pie de Limón | Lemon Pie","MENU ATOLON KIDS PASA DIA","",1,"/products"
"PIMENTON AMARILLO","Insumos cocina","Gr",0,"/ingredients"
"Pimenton rojo","Insumos cocina","Gr",0,"/ingredients"
"Pimenton verde","Insumos cocina","Gr",0,"/ingredients"
"Pimienta Badia","Insumos cocina","Gr",0,"/ingredients"
"pimienta de olor","Insumos cocina","Gr",0,"/ingredients"
"Pina","Insumos cocina","Gr",0,"/ingredients"
"Piña","PRODUCCION COCINA","Gr",0,"/ingredients"
"Piña","Producción BAR","Und",0,"/ingredients"
"Piña deshidratada","Producción BAR","Und",0,"/ingredients"
"PISCO BT","BOTELLAS","",290000,"/products"
"PISCO VIÑA DE ORO 750 ML","BOTELLAS","Und",0,"/ingredients"
"Pizza de Nutella","MENU FULL YATE","",48000,"/products"
"Pizza Margarita","MENU FULL YATE","",40000,"/products"
"PIZZA NUTELLA","MENU OPENING","",0,"/products"
"Pizza Pepperoni","MENU FULL YATE","",48000,"/products"
"PIZZA PEPPERONI","MENU AFTER","",48000,"/products"
"Pizza Vegetariana","MENU FULL YATE","",42000,"/products"
"PIZZA VEGETARIANA","MENU AFTER","",42000,"/products"
"PLATANITO VERDES","Minibar","",6500,"/products"
"PLATANO MADURO","Minibar","",6500,"/products"
"PLATANO POCHOCHO","Insumos cocina","",200,"/products"
"platanos","Insumos cocina","Und",0,"/ingredients"
"PLATANOS MADUROS MONTEROJO SAL MARINA 110GR","Otros","",0,"/ingredients"
"PLATANOS MONTEROJO SURTIDOS 180 GR EN 6 UN","Otros","",0,"/ingredients"
"platos de carton","Otros","Und",0,"/ingredients"
"plumero micro fibras","Otros","Und",0,"/ingredients"
"Pollo Contra Muslo","PRODUCCION COCINA","Kg",0,"/ingredients"
"polvo de hornear","Insumos cocina","Gr",0,"/ingredients"
"Ponche de frutas","Producción BAR","Ml",0,"/ingredients"
"PONQUE BROWNIE","Minibar","",2500,"/products"
"POOL BED","pasadia","",270000,"/products"
"premezcla pancakes aunt jemima","Insumos cocina","Gr",0,"/ingredients"
"Pulpa de fresa","Producción BAR","Und",0,"/ingredients"
"pulpa de guanabana","Producción BAR","Und",0,"/ingredients"
"Pulpa de lulo","Producción BAR","Und",0,"/ingredients"
"Pulpa de mango","Producción BAR","Und",0,"/ingredients"
"pulpa de maracuya","Producción BAR","Und",0,"/ingredients"
"Pulpa de mora","Producción BAR","Und",0,"/ingredients"
"PULPA MANDARINA","Producción BAR","Und",0,"/ingredients"
"Pulpa piña","Producción BAR","Und",0,"/ingredients"
"Punta de anca","PRODUCCION COCINA","Gr",0,"/ingredients"
"Puré de batata","MENU FULL YATE","",15500,"/products"
"PURE DE TRUFA","Insumos cocina","Gr",0,"/ingredients"
"quality blend","Producción BAR","Und",0,"/ingredients"
"Quatro Botella 400ml","BEBIDAS","Unidad",0,"/ingredients"
"QUESO AZUL","PLATOS PRINCIPALES","Gr",0,"/ingredients"
"QUESO BRIE","Insumos cocina","Gr",0,"/ingredients"
"QUESO CABRA","Insumos cocina","Gr",0,"/ingredients"
"QUESO CHEDDAR","Insumos cocina","Gr",0,"/ingredients"
"Queso Costeño","PRODUCCION COCINA","Gr",0,"/ingredients"
"queso crema","Insumos cocina","Gr",0,"/ingredients"
"QUESO GOUDA","Insumos cocina","Gr",0,"/ingredients"
"Queso Mozarella Tajado","Insumos cocina","Gr",0,"/ingredients"
"QUESO MOZARRELA BLOQUE","Insumos cocina","Gr",0,"/ingredients"
"Queso parmesano bloque","Insumos cocina","Gr",0,"/ingredients"
"QUITA MANCHAS OXIGENO ACTIVADO 5KG","Otros","Kg",0,"/ingredients"
"Rama de mente","Producción BAR","Und",0,"/ingredients"
"Rama de romero","Producción BAR","Und",0,"/ingredients"
"RAMON BILBAO COPA","VINOS / ESPUMOSOS","",40000,"/products"
"rayd","Otros","Und",0,"/ingredients"
"RECARGA HOOCKA N.","Otros","",0,"/products"
"RECARGA HOOKAH E.","Otros","",0,"/products"
"Red Bull 250ml","BEBIDAS","Unidad",0,"/ingredients"
"reductor de ph","Otros","",0,"/ingredients"
"REMO DE CKAYA","Otros","",180000,"/products"
"REMOLACHA","Insumos cocina","Gr",0,"/ingredients"
"Remy Martin 700ml","BOTELLAS","Unidad",0,"/ingredients"
"REPELENTE PARA MOSQUITOS","Otros","Und",0,"/ingredients"
"repollo morado","Insumos cocina","Gr",0,"/ingredients"
"robalo en posta","Insumos cocina","Kg",0,"/ingredients"
"Rodaja de chile","Producción BAR","Und",0,"/ingredients"
"rollo de bolsas medianas","Otros","Und",0,"/ingredients"
"rollos de bolsas tamaño jumbo","Otros","Und",0,"/ingredients"
"Romero","Producción BAR","Kg",0,"/ingredients"
"Ron Bacardi Añejo 700ml","RON","Unidad",0,"/ingredients"
"Ron Bacardi Blanco 700ml","RON","Unidad",0,"/ingredients"
"Ron Cachaza 51 - 965-ml","RON","Und",0,"/ingredients"
"Ron Cacique añejo 750 ML BT","BOTELLAS","",210000,"/products"
"Ron Havana 7 año - 700ml","RON","Unidad",0,"/ingredients"
"Ron La Hechicera 700ml","RON","Unidad",0,"/ingredients"
"Ron Viejo de Caldas Blanco 750ml","RON","Unidad",0,"/ingredients"
"RON VIEJO DE CALDAS CARTA DE ORO - 750ml","RON","Und",0,"/ingredients"
"Ron Viejo de Caldas Tradicional 750ml","RON","Unidad",0,"/ingredients"
"Rosaleda Cabernet Sauvignon BT","BOTELLAS","",130000,"/products"
"Rugula","PRODUCCION COCINA","Gr",0,"/ingredients"
"Sal","PRODUCCION COCINA","Gr",0,"/ingredients"
"sal gruesa","Insumos cocina","Gr",0,"/ingredients"
"salchicha ahumada parisienne","Insumos cocina","Und",0,"/ingredients"
"salchicha zenu long","Insumos cocina","Gr",0,"/ingredients"
"SALCHICHAS","Insumos cocina","Und",0,"/ingredients"
"SALCHICHON","Insumos cocina","Gr",0,"/ingredients"
"SALDO PAX","Consumo pasadía","",55000,"/products"
"SALDO PAX","Consumo pasadía","",0,"/products"
"SALMON FRESCO","PRODUCCION COCINA","Gr",0,"/ingredients"
"Salsa de soya","Insumos cocina","Ml",0,"/ingredients"
"Salsa de tomate","Insumos cocina","Gr",0,"/ingredients"
"Salsa de tomate","Producción BAR","Und",0,"/ingredients"
"SALSA DE TOMATE PARA CHILAQUILES","PRODUCCION COCINA","",0,"/products"
"Salsa inglesa","Producción BAR","Und",0,"/ingredients"
"SALSA NEGRA","Insumos cocina","Ml",0,"/ingredients"
"Salsa picante chile","Producción BAR","Und",0,"/ingredients"
"Salsa tabasco","Producción BAR","Und",0,"/ingredients"
"Santa Carolina Cabernet Rose: BT","BOTELLAS","",131700,"/products"
"Santa Carolina Reservado Cabernet Sauvignon","VINOS / ESPUMOSOS","",0,"/ingredients"
"Santa Carolina Reservado Merlot","VINOS / ESPUMOSOS","",0,"/ingredients"
"SEAWEED SALAD","PRODUCCION COCINA","Gr",0,"/ingredients"
"Selección de vegetales a la parrilla","MENU FULL YATE","",12500,"/products"
"SELECIÓN DE VEGETALES A LA PARRILLA","MENU AFTER","",12500,"/products"
"SEVEN UP","Minibar","",7000,"/products"
"SHOT  JENGIBRE","Shots","",3000,"/products"
"SHOT DE LIMÓN","Shots","",3000,"/products"
"sierra en posta","Insumos cocina","Und",0,"/ingredients"
"Singleton 12 años 700-ml","BOTELLAS","Und",0,"/ingredients"
"sirope de jengibre","Producción BAR","Oz",0,"/ingredients"
"SNACK BIENVENIDA","BODA","",25000,"/products"
"SODA","Producción BAR","Ml",0,"/ingredients"
"Soda Bretaña 300ml","BEBIDAS","Unidad",0,"/ingredients"
"Soho Licor de Lichee 700ml","LICORES","Unidad",0,"/ingredients"
"SPAGHETTIS","Insumos cocina","Gr",0,"/ingredients"
"SPECIAL","Shots","",69000,"/products"
"SPECIAL BT","BOTELLAS","",810000,"/products"
"STAFF","CORTESIAS","",38500,"/products"
"steak atun  sashimi","MENU FULL YATE","",72000,"/products"
"Steak de Atún Sashimi","MENU FULL YATE","",72000,"/products"
"Stevia","Producción BAR","Und",0,"/ingredients"
"STOLICHNAYA BT","BOTELLAS","",390000,"/products"
"STOLICHNAYA SHOT","VODKA / GIN","",32500,"/products"
"suavizante aro","Otros","Unidad",0,"/ingredients"
"Sucra ladiet","Producción BAR","Und",0,"/ingredients"
"Suero Costeño","PRODUCCION COCINA","Gr",0,"/ingredients"
"sulfato de aluminio tipo a","Otros","",0,"/ingredients"
"sulfato de aluminio tipo b","Otros","",0,"/ingredients"
"SUNTEA","Producción BAR","Und",0,"/ingredients"
"super clarificador ","Otros","",0,"/ingredients"
"syrope Aunt jemima","Insumos cocina","Ml",0,"/ingredients"
"Syrup de gengibre","Producción BAR","Oz",0,"/ingredients"
"Syrup de romero","Producción BAR","Ml",0,"/ingredients"
"Syrup Simple","Producción BAR","Oz",0,"/ingredients"
"Tabasco","Insumos cocina","Gr",0,"/ingredients"
"Tabasco 65ml","Producción BAR","Und",0,"/ingredients"
"TACOS DE POLLO","PIZZAS Y TACOS","",52000,"/products"
"TAHINI","PRODUCCION COCINA","Gr",0,"/ingredients"
"Tajin","Producción BAR","Und",0,"/ingredients"
"Tarjeta habitación","Otros","",25000,"/products"
"Té","BEBIDA CALIENTES - HOT SOFT DRINKS","",6000,"/products"
"TE HATSU","Minibar","",14000,"/products"
"Te mansanilla","Producción BAR","Und",0,"/ingredients"
"Té miel y gengibre","Producción BAR","Und",0,"/ingredients"
"Te negro","Producción BAR","Und",0,"/ingredients"
"té negro premium","Producción BAR","Und",0,"/ingredients"
"té verde","Producción BAR","Und",0,"/ingredients"
"Tequila 1800 Anejo - 750ml","TEQUILA / MEZCAL","",0,"/ingredients"
"Tequila 1800 Cristalino 700ml","TEQUILA / MEZCAL","Unidad",0,"/ingredients"
"Tequila 1800 Reposado - 750ml","TEQUILA / MEZCAL","",0,"/ingredients"
"Tequila Gran Centenario 750Ml BT","BOTELLAS","",340000,"/products"
"Tequila Gran Centenario Plata 750ml BT","BOTELLAS","",320000,"/products"
"Tequila Jimador Reposado - 700ml","TEQUILA / MEZCAL","",0,"/ingredients"
"Tequila Jimador Shot","TEQUILA / MEZCAL","",30000,"/products"
"The Glenfiddich 12 - 750ml","WHISKY / BOURBON","Unidad",0,"/ingredients"
"THE GLENGLIVET 12 AÑOS BT","BOTELLAS","",490000,"/products"
"The Glenlivet 12  700 ml","BOTELLAS","Und",0,"/ingredients"
"The Glenlivet 18 - 750ml","WHISKY / BOURBON","Unidad",0,"/ingredients"
"The Glenlivet Founder","WHISKY / BOURBON","Unidad",0,"/ingredients"
"TIJERAS ","Otros","",0,"/ingredients"
"Tiradito de Pescado","MENU FULL YATE","",55000,"/products"
"TIRADITO DE PESCADO","MENU AFTER","",55000,"/products"
"TIRADITO DE RES","ENTRADAS Y ENSALADAS","",65500,"/products"
"TOALLA","Otros","",10000,"/products"
"toalla papel de mano pqt","Otros","Und",0,"/ingredients"
"tocineta","COMPLEMENTOS Y ADICIONALES","",15900,"/products"
"Tocineta ahumada","Insumos cocina","Gr",0,"/ingredients"
"TOCINO CARNUDO","Insumos cocina","Gr",0,"/ingredients"
"Tomate","Insumos cocina","Gr",0,"/ingredients"
"Tomate Cherry","Insumos cocina","Gr",0,"/ingredients"
"TOMATE VERDE","PRODUCCION COCINA","Gr",0,"/ingredients"
"tomates en lata","Insumos cocina","Gr",0,"/ingredients"
"TOMILLO","Insumos cocina","Und",0,"/ingredients"
"Tonica Canada Dry","BEBIDAS","",15000,"/products"
"Tonica INDI","BEBIDAS","",20000,"/products"
"Tonica OCEAN","BEBIDAS","",20000,"/products"
"Tónica PINK","BEBIDAS","",20000,"/products"
"Torombolo","Producción BAR","Kg",0,"/ingredients"
"Toronja deshidratada","Producción BAR","Und",0,"/ingredients"
"tortilla de maiz","Insumos cocina","Und",0,"/ingredients"
"tortillas bimbo","Insumos cocina","Und",0,"/ingredients"
"tostadas susanita","Insumos cocina","Gr",0,"/ingredients"
"transporte adicional","Otros","",160000,"/products"
"Transporte castillete","Otros","",500000,"/products"
"TRANSPORTE DE PIDIDA DE MANO","Consumo pasadía","",280000,"/products"
"TRANSPORTE DE PIDIDA DE MANO","Consumo pasadía","",370000,"/products"
"TRANSPORTE DE PIDIDA DE MANO","Consumo pasadía","",0,"/products"
"TRANSPORTE MARITIMO","Otros","",220000,"/products"
"TRANSPORTE MARITIMO","Otros","",1000000,"/products"
"TRANSPORTE MARITIMO","Otros","",900000,"/products"
"transporte terrestre","Otros","",500000,"/products"
"trapero hotelero","Otros","Und",0,"/ingredients"
"TRAPICHE VINEYARD MALBE","VINOS / ESPUMOSOS","",230000,"/products"
"TUNA LOIN","Insumos cocina","Gr",0,"/ingredients"
"Uchuva","Insumos cocina","Gr",0,"/ingredients"
"Uva pasa","PRODUCCION COCINA","Gr",0,"/ingredients"
"V. B. Santa Carolina Reservado Sauvignon Blanc ","VINOS / ESPUMOSOS","",0,"/ingredients"
"VARIEDAD DE PAN","DESAYUNOS BUFFET","",0,"/products"
"Vaso de Leche","BEBIDA CALIENTES - HOT SOFT DRINKS","",5000,"/products"
"vasos desechables","Insumos cocina","Unidad",0,"/ingredients"
"VEGETALES","DESAYUNOS BUFFET","",0,"/products"
"Vermouth Cinzano Bianco 1000ml","LICORES","",0,"/ingredients"
"Vinagre 3000ML","Insumos cocina","Ml",0,"/ingredients"
"Vinagre balsamico","Insumos cocina","Ml",0,"/ingredients"
"Vino Blanco","DESCORCHE","",49750,"/products"
"VINO BLANCO","PRODUCCION COCINA","Ml",0,"/ingredients"
"Vino Blanco Cousiño Macul Don Luis Chardonnay","VINOS / ESPUMOSOS","",150000,"/products"
"VINO BLANCO RAMON BILBAO VERDEJO","VINOS / ESPUMOSOS","Und",0,"/ingredients"
"Vino Blanco Rosaleda 750ml","VINOS / ESPUMOSOS","Unidad",0,"/ingredients"
"VINO ESPUMOSO","DESCORCHE","",130000,"/products"
"Vino PANUL varietal Chardonnay 750 ml","VINOS / ESPUMOSOS","",140000,"/products"
"Vino Ramon Bilbao Rueda Verdejo","VINOS / ESPUMOSOS","",0,"/ingredients"
"Vino Rosado Muga","VINOS / ESPUMOSOS","Und",0,"/ingredients"
"Vino Rosaleda Rosse","VINOS / ESPUMOSOS","Und",0,"/ingredients"
"VIno Tinto","DESCORCHE","",49750,"/products"
"Vino Tinto 120 - 750ml","VINOS / ESPUMOSOS","Unidad",0,"/ingredients"
"VINO TINTO EL ANDEN","VINOS / ESPUMOSOS","",180,"/products"
"Vino Tinto La Celia 750ml","VINOS / ESPUMOSOS","Unidad",0,"/ingredients"
"VINO TINTO RAMON BILBAO CRIANZA","VINOS / ESPUMOSOS","Und",0,"/ingredients"
"Vino Tinto Rosaleda 750ml","VINOS / ESPUMOSOS","Unidad",0,"/ingredients"
"Vino Tinto Santa Carolina Reservado 750ml","VINOS / ESPUMOSOS","Unidad",0,"/ingredients"
"Vino Tinto Santa Helena","VINOS / ESPUMOSOS","Und",0,"/ingredients"
"Vinos Blancos Don Luis Chardonnay","VINOS / ESPUMOSOS","",179400,"/products"
"Vinos Blancos Santa Helena Sauvignon Blanc BT","BOTELLAS","",122700,"/products"
"Vinos Rosados Santa Helena Cabernet Rose BT","BOTELLAS","",149700,"/products"
"VIP PASS","COMPLEMENTOS Y ADICIONALES","",60000,"/products"
"VISITA DE INSPECCIÓN","CORTESIAS","",1,"/products"
"Vodka Absolut 700ml","VODKA / GIN","Unidad",0,"/ingredients"
"Vodka Absolut Elix 750ml","VODKA / GIN","Unidad",0,"/ingredients"
"vodka ELIX BT","BOTELLAS","",550000,"/products"
"Vodka Grey Goose 700ml","VODKA / GIN","Unidad",0,"/ingredients"
"VODKA KETEL ONE - 750ml","VODKA / GIN","Und",0,"/ingredients"
"vodka Russ kaya Shot","VODKA / GIN","",30000,"/products"
"Vodka Smirnoff Red 700ml","VODKA / GIN","Unidad",0,"/ingredients"
"Vodka Velvedere 700ml","VODKA / GIN","Unidad",0,"/ingredients"
"Wyborowa 700ml","VODKA / GIN","",0,"/ingredients"
"YOGUOR GRIEGO","Insumos cocina","Gr",0,"/ingredients"
"YUCA MCKAIN","Insumos cocina","Unidad",0,"/ingredients"
"yuca para personal","Insumos cocina","Kg",0,"/ingredients"
"ZACAPA 23 750 ML","RON","Und",0,"/ingredients"
"ZACAPA 23 AÑOS BT","BOTELLAS","",765000,"/products"
"Zacapa Ambar 750ml","RON","Unidad",0,"/ingredients"
"ZACAPA AMBAR BT","BOTELLAS","",450000,"/products"
"Zanahoria","Insumos cocina","Gr",0,"/ingredients"
"zanahoria baby","Insumos cocina","Gr",0,"/ingredients"
"ZARZAMORA","PRODUCCION COCINA","Gr",0,"/ingredients"
"Zumo de corozo","Producción BAR","Ml",0,"/ingredients"
"Zumo de lichee","Producción BAR","Ml",0,"/ingredients"
"Zumo de limon","Producción BAR","Ml",0,"/ingredients"
"ZUQUINI AMARILLO","Insumos cocina","Gr",0,"/ingredients"
"ZUQUINI VERDE","Insumos cocina","Gr",0,"/ingredients"